"Name","Title","Description","Version","m.Date","m.Time","Author","Citation"
"analyse_Al2O3C_CrossTalk","Al2O3:C Reader Cross Talk Analysis","The function provides the analysis of cross-talk measurements on a FI lexsyg SMART reader using Al2O3:C pellets","0.1.0","2017-07-05","12:19:18
","Sebastian Kreutzer, IRAMAT-CRP2A, Universite Bordeaux Montaigne (France)<br />  R Luminescence Package Team","Kreutzer, S. (2017). analyse_Al2O3C_CrossTalk(): Al2O3:C Reader Cross Talk Analysis. Function version 0.1.0. In: Kreutzer, S., Dietze, M., Burow, C., Fuchs, M.C., Schmidt, C., Fischer, M., Friedrich, J. (2017). Luminescence: Comprehensive Luminescence Dating Data Analysis. R package version 0.8.0. https://CRAN.R-project.org/package=Luminescence
"
"analyse_Al2O3C_ITC","Al2O3 Irradiation Time Correction Analysis","The function provides a very particular analysis to correct the irradiation time while irradiating Al2O3:C pellets in a luminescence reader.","0.1.0","2017-07-05","12:19:18
","Sebastian Kreutzer, IRAMAT-CRP2A, Universite Bordeaux Montaigne (France)<br />  R Luminescence Package Team","Kreutzer, S. (2017). analyse_Al2O3C_ITC(): Al2O3 Irradiation Time Correction Analysis. Function version 0.1.0. In: Kreutzer, S., Dietze, M., Burow, C., Fuchs, M.C., Schmidt, C., Fischer, M., Friedrich, J. (2017). Luminescence: Comprehensive Luminescence Dating Data Analysis. R package version 0.8.0. https://CRAN.R-project.org/package=Luminescence
"
"analyse_Al2O3C_Measurement","Al2O3:C Passive Dosimeter Measurement Analysis","The function provides the analysis routines for measurements on a FI lexsyg SMART reader using Al2O3:C pellets according to Kreutzer et al., 2017","0.1.0","2017-07-05","12:19:18
","Sebastian Kreutzer, IRAMAT-CRP2A, Universite Bordeaux Montaigne (France)<br />  R Luminescence Package Team","Kreutzer, S. (2017). analyse_Al2O3C_Measurement(): Al2O3:C Passive Dosimeter Measurement Analysis. Function version 0.1.0. In: Kreutzer, S., Dietze, M., Burow, C., Fuchs, M.C., Schmidt, C., Fischer, M., Friedrich, J. (2017). Luminescence: Comprehensive Luminescence Dating Data Analysis. R package version 0.8.0. https://CRAN.R-project.org/package=Luminescence
"
"analyse_baSAR","Bayesian models (baSAR) applied on luminescence data","This function allows the application of Bayesian models on luminescence data, measured with the single-aliquot regenerative-dose (SAR, Murray and Wintle, 2000) protocol. In particular, it follows the idea proposed by Combes et al., 2015 of using an hierarchical model for estimating a central equivalent dose from a set of luminescence measurements. This function is (I) the adaption of this approach for the R environment and (II) an extension and a technical refinement of the published code.","0.1.29","2017-07-05","12:19:18
","Norbert Mercier, IRAMAT-CRP2A, Universite Bordeaux Montaigne (France)  <br /> Sebastian Kreutzer, IRAMAT-CRP2A, Universite Bordeaux Montaigne (France)  <br /> The underlying Bayesian model based on a contribution by Combes et al., 2015.<br />  R Luminescence Package Team","Mercier, N., Kreutzer, S. (2017). analyse_baSAR(): Bayesian models (baSAR) applied on luminescence data. Function version 0.1.29. In: Kreutzer, S., Dietze, M., Burow, C., Fuchs, M.C., Schmidt, C., Fischer, M., Friedrich, J. (2017). Luminescence: Comprehensive Luminescence Dating Data Analysis. R package version 0.8.0. https://CRAN.R-project.org/package=Luminescence
"
"analyse_FadingMeasurement","Analyse fading measurements and returns the fading rate per decade (g-value)","The function analysis fading measurements and returns a fading rate including an error estimation. The function is not limited to standard fading measurements, as can be seen, e.g., Huntley and Lamothe 2001. Additionally, the density of recombination centres (rho') is estimated after Kars et al. 2008.","0.1.5","2017-07-05","12:19:18
","Sebastian Kreutzer, IRAMAT-CRP2A, Universite Bordeaux Montaigne (France)  <br /> Christoph Burow, University of Cologne (Germany)<br />  R Luminescence Package Team","Kreutzer, S., Burow, C. (2017). analyse_FadingMeasurement(): Analyse fading measurements and returns the fading rate per decade (g-value). Function version 0.1.5. In: Kreutzer, S., Dietze, M., Burow, C., Fuchs, M.C., Schmidt, C., Fischer, M., Friedrich, J. (2017). Luminescence: Comprehensive Luminescence Dating Data Analysis. R package version 0.8.0. https://CRAN.R-project.org/package=Luminescence
"
"analyse_IRSAR.RF","Analyse IRSAR RF measurements","Function to analyse IRSAR RF measurements on K-feldspar samples, performed using the protocol according to Erfurt et al. (2003) and beyond.","0.7.2","2017-07-05","12:19:18
","Sebastian Kreutzer, IRAMAT-CRP2A, Universite Bordeaux Montaigne (France)<br />  R Luminescence Package Team","Kreutzer, S. (2017). analyse_IRSAR.RF(): Analyse IRSAR RF measurements. Function version 0.7.2. In: Kreutzer, S., Dietze, M., Burow, C., Fuchs, M.C., Schmidt, C., Fischer, M., Friedrich, J. (2017). Luminescence: Comprehensive Luminescence Dating Data Analysis. R package version 0.8.0. https://CRAN.R-project.org/package=Luminescence
"
"analyse_pIRIRSequence","Analyse post-IR IRSL sequences","The function performs an analysis of post-IR IRSL sequences including curve fitting on  RLum.Analysis  objects.","0.2.2","2017-07-05","12:19:18
","Sebastian Kreutzer, IRAMAT-CRP2A, Universite Bordeaux Montaigne<br /> (France)<br />  R Luminescence Package Team","Kreutzer, S. (2017). analyse_pIRIRSequence(): Analyse post-IR IRSL sequences. Function version 0.2.2. In: Kreutzer, S., Dietze, M., Burow, C., Fuchs, M.C., Schmidt, C., Fischer, M., Friedrich, J. (2017). Luminescence: Comprehensive Luminescence Dating Data Analysis. R package version 0.8.0. https://CRAN.R-project.org/package=Luminescence
"
"analyse_portableOSL","Analyse portable CW-OSL measurements","The function analyses CW-OSL curve data produced by a SUERC portable OSL reader and produces a combined plot of OSL/IRSL signal intensities, OSL/IRSL depletion ratios and the IRSL/OSL ratio.","0.0.3","2017-07-05","12:19:18
","Christoph Burow, University of Cologne (Germany)<br />  R Luminescence Package Team","Burow, C. (2017). analyse_portableOSL(): Analyse portable CW-OSL measurements. Function version 0.0.3. In: Kreutzer, S., Dietze, M., Burow, C., Fuchs, M.C., Schmidt, C., Fischer, M., Friedrich, J. (2017). Luminescence: Comprehensive Luminescence Dating Data Analysis. R package version 0.8.0. https://CRAN.R-project.org/package=Luminescence
"
"analyse_SAR.CWOSL","Analyse SAR CW-OSL measurements","The function performs a SAR CW-OSL analysis on an RLum.Analysis  object including growth curve fitting.","0.7.10","2017-07-05","12:19:18
","Sebastian Kreutzer, IRAMAT-CRP2A, Universite Bordeaux Montaigne (France)<br />  R Luminescence Package Team","Kreutzer, S. (2017). analyse_SAR.CWOSL(): Analyse SAR CW-OSL measurements. Function version 0.7.10. In: Kreutzer, S., Dietze, M., Burow, C., Fuchs, M.C., Schmidt, C., Fischer, M., Friedrich, J. (2017). Luminescence: Comprehensive Luminescence Dating Data Analysis. R package version 0.8.0. https://CRAN.R-project.org/package=Luminescence
"
"Analyse_SAR.OSLdata","Analyse SAR CW-OSL measurements.","The function analyses SAR CW-OSL curve data and provides a summary of the measured data for every position. The output of the function is optimised for SAR OSL measurements on quartz.","0.2.17","2017-07-05","12:19:18
","Sebastian Kreutzer, IRAMAT-CRP2A, Universite Bordeaux Montaigne (France) <br /> Margret C. Fuchs, HZDR, Freiberg (Germany)<br />  R Luminescence Package Team","Kreutzer, S., Fuchs, M.C. (2017). Analyse_SAR.OSLdata(): Analyse SAR CW-OSL measurements.. Function version 0.2.17. In: Kreutzer, S., Dietze, M., Burow, C., Fuchs, M.C., Schmidt, C., Fischer, M., Friedrich, J. (2017). Luminescence: Comprehensive Luminescence Dating Data Analysis. R package version 0.8.0. https://CRAN.R-project.org/package=Luminescence
"
"analyse_SAR.TL","Analyse SAR TL measurements","The function performs a SAR TL analysis on a RLum.Analysis  object including growth curve fitting.","0.2.0","2017-07-05","12:19:18
","Sebastian Kreutzer, IRAMAT-CRP2A, Universite Bordeaux Montaigne (France)<br />  R Luminescence Package Team","Kreutzer, S. (2017). analyse_SAR.TL(): Analyse SAR TL measurements. Function version 0.2.0. In: Kreutzer, S., Dietze, M., Burow, C., Fuchs, M.C., Schmidt, C., Fischer, M., Friedrich, J. (2017). Luminescence: Comprehensive Luminescence Dating Data Analysis. R package version 0.8.0. https://CRAN.R-project.org/package=Luminescence
"
"app_RLum","Run Luminescence shiny apps (wrapper)","Wrapper for the function  RLumShiny::app_RLum  from the package RLumShiny::RLumShiny-package . For further details and examples please see the manual of this package.","0.1.1","2017-07-05","12:19:18
","Christoph Burow, University of Cologne (Germany)<br />  R Luminescence Package Team","Burow, C. (2017). app_RLum(): Run Luminescence shiny apps (wrapper). Function version 0.1.1. In: Kreutzer, S., Dietze, M., Burow, C., Fuchs, M.C., Schmidt, C., Fischer, M., Friedrich, J. (2017). Luminescence: Comprehensive Luminescence Dating Data Analysis. R package version 0.8.0. https://CRAN.R-project.org/package=Luminescence
"
"apply_CosmicRayRemoval","Function to remove cosmic rays from an RLum.Data.Spectrum S4 class object","The function provides several methods for cosmic ray removal and spectrum smoothing for an RLum.Data.Spectrum S4 class object","0.2.1","2017-07-05","12:19:18
","Sebastian Kreutzer, IRAMAT-CRP2A, Universite Bordeaux Montaigne<br /> (France)<br />  R Luminescence Package Team","Kreutzer, S. (2017). apply_CosmicRayRemoval(): Function to remove cosmic rays from an RLum.Data.Spectrum S4 class object. Function version 0.2.1. In: Kreutzer, S., Dietze, M., Burow, C., Fuchs, M.C., Schmidt, C., Fischer, M., Friedrich, J. (2017). Luminescence: Comprehensive Luminescence Dating Data Analysis. R package version 0.8.0. https://CRAN.R-project.org/package=Luminescence
"
"apply_EfficiencyCorrection","Function to apply spectral efficiency correction to RLum.Data.Spectrum S4<br /> class objects","The function allows spectral efficiency corrections for RLum.Data.Spectrum S4 class objects","0.1.1","2017-07-05","12:19:18
","Sebastian Kreutzer, IRAMAT-CRP2A, Universite Bordeaux Montaigne (France) <br /> Johannes Friedrich, University of Bayreuth (Germany)<br />  R Luminescence Package Team","Kreutzer, S., Friedrich, J. (2017). apply_EfficiencyCorrection(): Function to apply spectral efficiency correction to RLum.Data.Spectrum S4 class objects. Function version 0.1.1. In: Kreutzer, S., Dietze, M., Burow, C., Fuchs, M.C., Schmidt, C., Fischer, M., Friedrich, J. (2017). Luminescence: Comprehensive Luminescence Dating Data Analysis. R package version 0.8.0. https://CRAN.R-project.org/package=Luminescence
"
"as","as() - RLum-object coercion","for  [RLum.Analysis-class]   for  [RLum.Data.Curve-class]   for  [RLum.Data.Image-class]   for  [RLum.Data.Spectrum-class]   for  [RLum.Results-class]",NA,NA,NA,NA,NA
"BaseDataSet.CosmicDoseRate","Base data set for cosmic dose rate calculation","Collection of data from various sources needed for cosmic dose rate calculation",NA,NA,NA,NA,NA
"bin_RLum.Data","Channel binning - method dispatchter","Function calls the object-specific bin functions for RLum.Data S4 class objects.","0.1.0","2017-07-05","12:19:18
","Sebastian Kreutzer, IRAMAT-CRP2A, Universite Bordeaux Montaigne<br /> (France)<br />  R Luminescence Package Team","Kreutzer, S. (2017). bin_RLum.Data(): Channel binning - method dispatchter. Function version 0.1.0. In: Kreutzer, S., Dietze, M., Burow, C., Fuchs, M.C., Schmidt, C., Fischer, M., Friedrich, J. (2017). Luminescence: Comprehensive Luminescence Dating Data Analysis. R package version 0.8.0. https://CRAN.R-project.org/package=Luminescence
"
"calc_AliquotSize","Estimate the amount of grains on an aliquot","Estimate the number of grains on an aliquot. Alternatively, the packing density of an aliquot is computed.","0.31","2017-07-05","12:19:18
","Christoph Burow, University of Cologne (Germany)<br />  R Luminescence Package Team","Burow, C. (2017). calc_AliquotSize(): Estimate the amount of grains on an aliquot. Function version 0.31. In: Kreutzer, S., Dietze, M., Burow, C., Fuchs, M.C., Schmidt, C., Fischer, M., Friedrich, J. (2017). Luminescence: Comprehensive Luminescence Dating Data Analysis. R package version 0.8.0. https://CRAN.R-project.org/package=Luminescence
"
"calc_AverageDose","Calculate the Average Dose and the dose rate dispersion","This functions calculates the Average Dose and their extrinsic dispersion and estimates the standard errors by bootstrapping based on the Average Dose Model by Guerin et al., 2017","0.1.4","2017-07-05","12:19:18
","Claire Christophe, IRAMAT-CRP2A, Universite de Nantes (France),<br /> Anne Philippe, Universite de Nantes, (France),<br /> Guillaume Guerin, IRAMAT-CRP2A, Universite Bordeaux Montaigne, (France),<br /> Sebastian Kreutzer, IRAMAT-CRP2A, Universite Bordeaux Montaigne, (France)<br />  R Luminescence Package Team","Christophe, C., Philippe, A., Guerin, G., Kreutzer, S. (2017). calc_AverageDose(): Calculate the Average Dose and the dose rate dispersion. Function version 0.1.4. In: Kreutzer, S., Dietze, M., Burow, C., Fuchs, M.C., Schmidt, C., Fischer, M., Friedrich, J. (2017). Luminescence: Comprehensive Luminescence Dating Data Analysis. R package version 0.8.0. https://CRAN.R-project.org/package=Luminescence
"
"calc_CentralDose","Apply the central age model (CAM) after Galbraith et al. (1999) to a given<br /> De distribution","This function calculates the central dose and dispersion of the De distribution, their standard errors and the profile log likelihood function for sigma.","1.3.2","2017-07-05","12:19:18
","Christoph Burow, University of Cologne (Germany)  <br /> Based on a rewritten S script of Rex Galbraith, 2010<br />  R Luminescence Package Team","Burow, C. (2017). calc_CentralDose(): Apply the central age model (CAM) after Galbraith et al. (1999) to a given De distribution. Function version 1.3.2. In: Kreutzer, S., Dietze, M., Burow, C., Fuchs, M.C., Schmidt, C., Fischer, M., Friedrich, J. (2017). Luminescence: Comprehensive Luminescence Dating Data Analysis. R package version 0.8.0. https://CRAN.R-project.org/package=Luminescence
"
"calc_CommonDose","Apply the (un-)logged common age model after Galbraith et al. (1999) to a<br /> given De distribution","Function to calculate the common dose of a De distribution.","0.1.1","2017-07-05","12:19:18
","Christoph Burow, University of Cologne (Germany)<br />  R Luminescence Package Team","Burow, C. (2017). calc_CommonDose(): Apply the (un-)logged common age model after Galbraith et al. (1999) to a given De distribution. Function version 0.1.1. In: Kreutzer, S., Dietze, M., Burow, C., Fuchs, M.C., Schmidt, C., Fischer, M., Friedrich, J. (2017). Luminescence: Comprehensive Luminescence Dating Data Analysis. R package version 0.8.0. https://CRAN.R-project.org/package=Luminescence
"
"calc_CosmicDoseRate","Calculate the cosmic dose rate","This function calculates the cosmic dose rate taking into account the soft- and hard-component of the cosmic ray flux and allows corrections for geomagnetic latitude, altitude above sea-level and geomagnetic field changes.","0.5.2","2017-07-05","12:19:18
","Christoph Burow, University of Cologne (Germany)<br />  R Luminescence Package Team","Burow, C. (2017). calc_CosmicDoseRate(): Calculate the cosmic dose rate. Function version 0.5.2. In: Kreutzer, S., Dietze, M., Burow, C., Fuchs, M.C., Schmidt, C., Fischer, M., Friedrich, J. (2017). Luminescence: Comprehensive Luminescence Dating Data Analysis. R package version 0.8.0. https://CRAN.R-project.org/package=Luminescence
"
"calc_FadingCorr","Apply a fading correction according to Huntley & Lamothe (2001) for a given<br /> g-value and a given tc","This function solves the equation used for correcting the fading affected age including the error for a given g-value according to Huntley & Lamothe (2001).","0.4.2","2017-07-05","12:19:18
","Sebastian Kreutzer, IRAMAT-CRP2A, Universite Bordeaux Montaigne (France)<br />  R Luminescence Package Team","Kreutzer, S. (2017). calc_FadingCorr(): Apply a fading correction according to Huntley & Lamothe (2001) for a given g-value and a given tc. Function version 0.4.2. In: Kreutzer, S., Dietze, M., Burow, C., Fuchs, M.C., Schmidt, C., Fischer, M., Friedrich, J. (2017). Luminescence: Comprehensive Luminescence Dating Data Analysis. R package version 0.8.0. https://CRAN.R-project.org/package=Luminescence
"
"calc_FastRatio","Calculate the Fast Ratio for CW-OSL curves","Function to calculate the fast ratio of quartz CW-OSL single grain or single aliquot curves after Durcan & Duller (2011).","0.1.1","2017-07-05","12:19:18
","Georgina King, University of Cologne (Germany)  <br /> Julie A. Durcan, University of Oxford (United Kingdom)  <br /> Christoph Burow, University of Cologne (Germany)<br />  R Luminescence Package Team","King, G., Durcan, J., Burow, C. (2017). calc_FastRatio(): Calculate the Fast Ratio for CW-OSL curves. Function version 0.1.1. In: Kreutzer, S., Dietze, M., Burow, C., Fuchs, M.C., Schmidt, C., Fischer, M., Friedrich, J. (2017). Luminescence: Comprehensive Luminescence Dating Data Analysis. R package version 0.8.0. https://CRAN.R-project.org/package=Luminescence
"
"calc_FiniteMixture","Apply the finite mixture model (FMM) after Galbraith (2005) to a given De<br /> distribution","This function fits a k-component mixture to a De distribution with differing known standard errors. Parameters (doses and mixing proportions) are estimated by maximum likelihood assuming that the log dose estimates are from a mixture of normal distributions.","0.4","2017-07-05","12:19:18
","Christoph Burow, University of Cologne (Germany)  <br /> Based on a rewritten S script of Rex Galbraith, 2006.<br />  R Luminescence Package Team","Burow, C. (2017). calc_FiniteMixture(): Apply the finite mixture model (FMM) after Galbraith (2005) to a given De distribution. Function version 0.4. In: Kreutzer, S., Dietze, M., Burow, C., Fuchs, M.C., Schmidt, C., Fischer, M., Friedrich, J. (2017). Luminescence: Comprehensive Luminescence Dating Data Analysis. R package version 0.8.0. https://CRAN.R-project.org/package=Luminescence
"
"calc_FuchsLang2001","Apply the model after Fuchs & Lang (2001) to a given De distribution.","This function applies the method according to Fuchs & Lang (2001) for heterogeneously bleached samples with a given coefficient of variation threshold.","0.4.1","2017-07-05","12:19:18
","Sebastian Kreutzer, IRAMAT-CRP2A, Universite Bordeaux Montaigne (France)  <br /> Christoph Burow, University of Cologne (Germany)<br />  R Luminescence Package Team","Kreutzer, S., Burow, C. (2017). calc_FuchsLang2001(): Apply the model after Fuchs & Lang (2001) to a given De distribution.. Function version 0.4.1. In: Kreutzer, S., Dietze, M., Burow, C., Fuchs, M.C., Schmidt, C., Fischer, M., Friedrich, J. (2017). Luminescence: Comprehensive Luminescence Dating Data Analysis. R package version 0.8.0. https://CRAN.R-project.org/package=Luminescence
"
"calc_gSGC","Calculate De value based on the gSGC by Li et al., 2015","Function returns De value and De value error using the global standardised growth curve (gSGC) assumption proposed by Li et al., 2015 for OSL dating of sedimentary quartz","0.1.1","2017-07-05","12:19:18
","Sebastian Kreutzer, IRAMAT-CRP2A, Universite Bordeaux Montagine (France)<br />  R Luminescence Package Team","Kreutzer, S. (2017). calc_gSGC(): Calculate De value based on the gSGC by Li et al., 2015. Function version 0.1.1. In: Kreutzer, S., Dietze, M., Burow, C., Fuchs, M.C., Schmidt, C., Fischer, M., Friedrich, J. (2017). Luminescence: Comprehensive Luminescence Dating Data Analysis. R package version 0.8.0. https://CRAN.R-project.org/package=Luminescence
"
"calc_HomogeneityTest","Apply a simple homogeneity test after Galbraith (2003)","A simple homogeneity test for De estimates","0.2","2017-07-05","12:19:18
","Christoph Burow, University of Cologne (Germany)<br />  R Luminescence Package Team","Burow, C. (2017). calc_HomogeneityTest(): Apply a simple homogeneity test after Galbraith (2003). Function version 0.2. In: Kreutzer, S., Dietze, M., Burow, C., Fuchs, M.C., Schmidt, C., Fischer, M., Friedrich, J. (2017). Luminescence: Comprehensive Luminescence Dating Data Analysis. R package version 0.8.0. https://CRAN.R-project.org/package=Luminescence
"
"calc_IEU","Apply the internal-external-uncertainty (IEU) model after Thomsen et al.<br /> (2007) to a given De distribution","Function to calculate the IEU De for a De data set.","0.1.0","2017-07-05","12:19:18
","Rachel Smedley, Geography & Earth Sciences, Aberystwyth University (United Kingdom)  <br /> Based on an excel spreadsheet and accompanying macro written by Kristina Thomsen.<br />  R Luminescence Package Team","Smedley, R.K. (2017). calc_IEU(): Apply the internal-external-uncertainty (IEU) model after Thomsen et al. (2007) to a given De distribution. Function version 0.1.0. In: Kreutzer, S., Dietze, M., Burow, C., Fuchs, M.C., Schmidt, C., Fischer, M., Friedrich, J. (2017). Luminescence: Comprehensive Luminescence Dating Data Analysis. R package version 0.8.0. https://CRAN.R-project.org/package=Luminescence
"
"calc_Kars2008","Apply the Kars et al. (2008) model","A function to calculate the expected sample specific fraction of saturation following Kars et al. (2008) and Huntley (2006).","0.2.0","2017-07-12","15:59:35
","Georgina King, University of Cologne (Germany) <br /> Christoph Burow, University of Cologne (Germany)<br />  R Luminescence Package Team","King, G., Burow, C. (2017). calc_Kars2008(): Apply the Kars et al. (2008) model. Function version 0.2.0. In: Kreutzer, S., Dietze, M., Burow, C., Fuchs, M.C., Schmidt, C., Fischer, M., Friedrich, J. (2017). Luminescence: Comprehensive Luminescence Dating Data Analysis. R package version 0.8.0. https://CRAN.R-project.org/package=Luminescence
"
"calc_MaxDose","Apply the maximum age model to a given De distribution","Function to fit the maximum age model to De data. This is a wrapper function that calls calc_MinDose() and applies a similiar approach as described in Olley et al. (2006).","0.3.1","2017-07-05","12:19:18
","Christoph Burow, University of Cologne (Germany)  <br /> Based on a rewritten S script of Rex Galbraith, 2010<br />  R Luminescence Package Team","Burow, C. (2017). calc_MaxDose(): Apply the maximum age model to a given De distribution. Function version 0.3.1. In: Kreutzer, S., Dietze, M., Burow, C., Fuchs, M.C., Schmidt, C., Fischer, M., Friedrich, J. (2017). Luminescence: Comprehensive Luminescence Dating Data Analysis. R package version 0.8.0. https://CRAN.R-project.org/package=Luminescence
"
"calc_MinDose","Apply the (un-)logged minimum age model (MAM) after Galbraith et al. (1999)<br /> to a given De distribution","Function to fit the (un-)logged three or four parameter minimum dose model (MAM-3/4) to De data.","0.4.4","2017-07-05","12:19:18
","Christoph Burow, University of Cologne (Germany)  <br /> Based on a rewritten S script of Rex Galbraith, 2010  <br /> The bootstrap approach is based on a rewritten MATLAB script of Alastair Cunningham.  <br /> Alastair Cunningham is thanked for his help in implementing and cross-checking the code.<br />  R Luminescence Package Team","Burow, C. (2017). calc_MinDose(): Apply the (un-)logged minimum age model (MAM) after Galbraith et al. (1999) to a given De distribution. Function version 0.4.4. In: Kreutzer, S., Dietze, M., Burow, C., Fuchs, M.C., Schmidt, C., Fischer, M., Friedrich, J. (2017). Luminescence: Comprehensive Luminescence Dating Data Analysis. R package version 0.8.0. https://CRAN.R-project.org/package=Luminescence
"
"calc_OSLLxTxRatio","Calculate Lx/Tx ratio for CW-OSL curves","Calculate Lx/Tx ratios from a given set of CW-OSL curves assuming late light background subtraction.","0.7.0","2017-07-05","12:19:18
","Sebastian Kreutzer, IRAMAT-CRP2A, Universite Bordeaux Montaigne (France)<br />  R Luminescence Package Team","Kreutzer, S. (2017). calc_OSLLxTxRatio(): Calculate Lx/Tx ratio for CW-OSL curves. Function version 0.7.0. In: Kreutzer, S., Dietze, M., Burow, C., Fuchs, M.C., Schmidt, C., Fischer, M., Friedrich, J. (2017). Luminescence: Comprehensive Luminescence Dating Data Analysis. R package version 0.8.0. https://CRAN.R-project.org/package=Luminescence
"
"calc_SourceDoseRate","Calculation of the source dose rate via the date of measurement","Calculating the dose rate of the irradiation source via the date of measurement based on: source calibration date, source dose rate, dose rate error. The function returns a data.frame that provides the input argument dose_rate for the function  Second2Gray .","0.3.0","2017-07-05","12:19:18
","Margret C. Fuchs, HZDR, Helmholtz-Institute Freiberg for Resource Technology (Germany)  <br /> Sebastian Kreutzer, IRAMAT-CRP2A, Universite Bordeaux Montaigne (France)<br />  R Luminescence Package Team","Fuchs, M.C., Kreutzer, S. (2017). calc_SourceDoseRate(): Calculation of the source dose rate via the date of measurement. Function version 0.3.0. In: Kreutzer, S., Dietze, M., Burow, C., Fuchs, M.C., Schmidt, C., Fischer, M., Friedrich, J. (2017). Luminescence: Comprehensive Luminescence Dating Data Analysis. R package version 0.8.0. https://CRAN.R-project.org/package=Luminescence
"
"calc_Statistics","Function to calculate statistic measures","This function calculates a number of descriptive statistics for estimates with a given standard error (SE), most fundamentally using error-weighted approaches.","0.1.7","2017-07-05","12:19:18
","Michael Dietze, GFZ Potsdam (Germany)<br />  R Luminescence Package Team","Dietze, M. (2017). calc_Statistics(): Function to calculate statistic measures. Function version 0.1.7. In: Kreutzer, S., Dietze, M., Burow, C., Fuchs, M.C., Schmidt, C., Fischer, M., Friedrich, J. (2017). Luminescence: Comprehensive Luminescence Dating Data Analysis. R package version 0.8.0. https://CRAN.R-project.org/package=Luminescence
"
"calc_ThermalLifetime","Calculates the Thermal Lifetime using the Arrhenius equation","The function calculates the thermal lifetime of charges for given E (in eV), s (in 1/s) and T (in deg. C.) parameters. The function can be used in two operational modes:","0.1.0","2017-07-05","12:19:18
","Sebastian Kreutzer, IRAMAT-CRP2A, Universite Bordeaux Montaigne (France)<br />  R Luminescence Package Team","Kreutzer, S. (2017). calc_ThermalLifetime(): Calculates the Thermal Lifetime using the Arrhenius equation. Function version 0.1.0. In: Kreutzer, S., Dietze, M., Burow, C., Fuchs, M.C., Schmidt, C., Fischer, M., Friedrich, J. (2017). Luminescence: Comprehensive Luminescence Dating Data Analysis. R package version 0.8.0. https://CRAN.R-project.org/package=Luminescence
"
"calc_TLLxTxRatio","Calculate the Lx/Tx ratio for a given set of TL curves  [beta version]","Calculate Lx/Tx ratio for a given set of TL curves.","0.3.2","2017-07-05","12:19:18
","Sebastian Kreutzer, IRAMAT-CRP2A, Universite Bordeaux Montaigne (France)  <br /> Christoph Schmidt, University of Bayreuth (Germany)<br />  R Luminescence Package Team","Kreutzer, S., Schmidt, C. (2017). calc_TLLxTxRatio(): Calculate the Lx/Tx ratio for a given set of TL curves [beta version]. Function version 0.3.2. In: Kreutzer, S., Dietze, M., Burow, C., Fuchs, M.C., Schmidt, C., Fischer, M., Friedrich, J. (2017). Luminescence: Comprehensive Luminescence Dating Data Analysis. R package version 0.8.0. https://CRAN.R-project.org/package=Luminescence
"
"calc_WodaFuchs2008","Obtain the equivalent dose using the approach proposed by Woda and Fuchs 2008","The description section","0.2.0","2017-07-05","12:19:18
","Sebastian Kreutzer, IRAMAT-CRP2A, Universite Bordeaux Montaigne (France), <br /> Michael Dietze, GFZ Potsdam (Germany)<br />  R Luminescence Package Team","Kreutzer, S., Dietze, M. (2017). calc_WodaFuchs2008(): Obtain the equivalent dose using the approach proposed by Woda and Fuchs 2008. Function version 0.2.0. In: Kreutzer, S., Dietze, M., Burow, C., Fuchs, M.C., Schmidt, C., Fischer, M., Friedrich, J. (2017). Luminescence: Comprehensive Luminescence Dating Data Analysis. R package version 0.8.0. https://CRAN.R-project.org/package=Luminescence
"
"convert_Activity2Concentration","Convert Nuclide Activities to Concentrations and Vice Versa","The function performs the conversion of the specific activities into concentrations and vice versa for the nuclides U-238, Th-232 and K-40 to harmonise the measurement unit with the required data input unit of potential analytical tools for, e.g. dose rate calculation or related functions such as  use_DRAC .","0.1.0","2017-07-05","12:19:18
","Margret C. Fuchs, Helmholtz-Institut Freiberg for Resource Technology (Germany)<br />  R Luminescence Package Team","Fuchs, M.C. (2017). convert_Activity2Concentration(): Convert Nuclide Activities to Concentrations and Vice Versa. Function version 0.1.0. In: Kreutzer, S., Dietze, M., Burow, C., Fuchs, M.C., Schmidt, C., Fischer, M., Friedrich, J. (2017). Luminescence: Comprehensive Luminescence Dating Data Analysis. R package version 0.8.0. https://CRAN.R-project.org/package=Luminescence
"
"convert_BIN2CSV","Export Risoe BIN-file(s) to CSV-files","This function is a wrapper function around the functions  read_BIN2R  and write_RLum2CSV  and it imports a Risoe BIN-file and directly exports its content to CSV-files. If nothing is set for the argument  path  ( write_RLum2CSV ) the input folder will become the output folder.","0.1.0","2017-07-05","12:19:18
","Sebastian Kreutzer, IRAMAT-CRP2A, Universite Bordeaux Montaigne (France)<br />  R Luminescence Package Team","Kreutzer, S. (2017). convert_BIN2CSV(): Export Risoe BIN-file(s) to CSV-files. Function version 0.1.0. In: Kreutzer, S., Dietze, M., Burow, C., Fuchs, M.C., Schmidt, C., Fischer, M., Friedrich, J. (2017). Luminescence: Comprehensive Luminescence Dating Data Analysis. R package version 0.8.0. https://CRAN.R-project.org/package=Luminescence
"
"convert_Daybreak2CSV","Export measurement data produced by a Daybreak luminescence reader to CSV-files","This function is a wrapper function around the functions  read_Daybreak2R  and write_RLum2CSV  and it imports an Daybreak-file (TXT-file, DAT-file) and directly exports its content to CSV-files.  If nothing is set for the argument  path  ( write_RLum2CSV ) the input folder will become the output folder.","0.1.0","2017-07-05","12:19:18
","Sebastian Kreutzer, IRAMAT-CRP2A, Universite Bordeaux Montaigne (France)<br />  R Luminescence Package Team","Kreutzer, S. (2017). convert_Daybreak2CSV(): Export measurement data produced by a Daybreak luminescence reader to CSV-files. Function version 0.1.0. In: Kreutzer, S., Dietze, M., Burow, C., Fuchs, M.C., Schmidt, C., Fischer, M., Friedrich, J. (2017). Luminescence: Comprehensive Luminescence Dating Data Analysis. R package version 0.8.0. https://CRAN.R-project.org/package=Luminescence
"
"convert_PSL2CSV","Export PSL-file(s) to CSV-files","This function is a wrapper function around the functions  read_PSL2R  and write_RLum2CSV  and it imports an PSL-file (SUERC portable OSL reader file format) and directly exports its content to CSV-files. If nothing is set for the argument  path  ( write_RLum2CSV ) the input folder will become the output folder.","0.1.0","2017-07-05","12:19:18
","Sebastian Kreutzer, IRAMAT-CRP2A, Universite Bordeaux Montaigne (France)<br />  R Luminescence Package Team","Kreutzer, S. (2017). convert_PSL2CSV(): Export PSL-file(s) to CSV-files. Function version 0.1.0. In: Kreutzer, S., Dietze, M., Burow, C., Fuchs, M.C., Schmidt, C., Fischer, M., Friedrich, J. (2017). Luminescence: Comprehensive Luminescence Dating Data Analysis. R package version 0.8.0. https://CRAN.R-project.org/package=Luminescence
"
"convert_XSYG2CSV","Export XSYG-file(s) to CSV-files","This function is a wrapper function around the functions  read_XSYG2R  and write_RLum2CSV  and it imports an XSYG-file and directly exports its content to CSV-files. If nothing is set for the argument  path  ( write_RLum2CSV ) the input folder will become the output folder.","0.1.0","2017-07-05","12:19:18
","Sebastian Kreutzer, IRAMAT-CRP2A, Universite Bordeaux Montaigne (France)<br />  R Luminescence Package Team","Kreutzer, S. (2017). convert_XSYG2CSV(): Export XSYG-file(s) to CSV-files. Function version 0.1.0. In: Kreutzer, S., Dietze, M., Burow, C., Fuchs, M.C., Schmidt, C., Fischer, M., Friedrich, J. (2017). Luminescence: Comprehensive Luminescence Dating Data Analysis. R package version 0.8.0. https://CRAN.R-project.org/package=Luminescence
"
"CW2pHMi","Transform a CW-OSL curve into a pHM-OSL curve via interpolation under<br /> hyperbolic modulation conditions","This function transforms a conventionally measured continuous-wave (CW) OSL-curve to a pseudo hyperbolic modulated (pHM) curve under hyperbolic modulation conditions using the interpolation procedure described by Bos & Wallinga (2012).","0.2.2","2017-07-05","12:19:18
","Sebastian Kreutzer, IRAMAT-CRP2A, Universite Bordeaux Montaigne (France) <br /> Based on comments and suggestions from: <br /> Adrie J.J. Bos, Delft University of Technology, The Netherlands<br />  R Luminescence Package Team","Kreutzer, S. (2017). CW2pHMi(): Transform a CW-OSL curve into a pHM-OSL curve via interpolation under hyperbolic modulation conditions. Function version 0.2.2. In: Kreutzer, S., Dietze, M., Burow, C., Fuchs, M.C., Schmidt, C., Fischer, M., Friedrich, J. (2017). Luminescence: Comprehensive Luminescence Dating Data Analysis. R package version 0.8.0. https://CRAN.R-project.org/package=Luminescence
"
"CW2pLM","Transform a CW-OSL curve into a pLM-OSL curve","Transforms a conventionally measured continuous-wave (CW) curve into a pseudo linearly modulated (pLM) curve using the equations given in Bulur (2000).","0.4.1","2017-07-05","12:19:18
","Sebastian Kreutzer, IRAMAT-CRP2A, Universite Bordeaux Montaigne (France)<br />  R Luminescence Package Team","Kreutzer, S. (2017). CW2pLM(): Transform a CW-OSL curve into a pLM-OSL curve. Function version 0.4.1. In: Kreutzer, S., Dietze, M., Burow, C., Fuchs, M.C., Schmidt, C., Fischer, M., Friedrich, J. (2017). Luminescence: Comprehensive Luminescence Dating Data Analysis. R package version 0.8.0. https://CRAN.R-project.org/package=Luminescence
"
"CW2pLMi","Transform a CW-OSL curve into a pLM-OSL curve via interpolation under linear<br /> modulation conditions","Transforms a conventionally measured continuous-wave (CW) OSL-curve into a pseudo linearly modulated (pLM) curve under linear modulation conditions using the interpolation procedure described by Bos & Wallinga (2012).","0.3.1","2017-07-05","12:19:18
","Sebastian Kreutzer, IRAMAT-CRP2A, Universite Bordeaux Montaigne<br /> <br /> Based on comments and suggestions from: <br /> Adrie J.J. Bos, Delft University of Technology, The Netherlands<br />  R Luminescence Package Team","Kreutzer, S. (2017). CW2pLMi(): Transform a CW-OSL curve into a pLM-OSL curve via interpolation under linear modulation conditions. Function version 0.3.1. In: Kreutzer, S., Dietze, M., Burow, C., Fuchs, M.C., Schmidt, C., Fischer, M., Friedrich, J. (2017). Luminescence: Comprehensive Luminescence Dating Data Analysis. R package version 0.8.0. https://CRAN.R-project.org/package=Luminescence
"
"CW2pPMi","Transform a CW-OSL curve into a pPM-OSL curve via interpolation under<br /> parabolic modulation conditions","Transforms a conventionally measured continuous-wave (CW) OSL-curve into a pseudo parabolic modulated (pPM) curve under parabolic modulation conditions using the interpolation procedure described by Bos & Wallinga (2012).","0.2.1","2017-07-05","12:19:18
","Sebastian Kreutzer, IRAMAT-CRP2A, Universite Bordeaux Montaigne (France)<br /> <br /> Based on comments and suggestions from: <br /> Adrie J.J. Bos, Delft University of Technology, The Netherlands<br />  R Luminescence Package Team","Kreutzer, S. (2017). CW2pPMi(): Transform a CW-OSL curve into a pPM-OSL curve via interpolation under parabolic modulation conditions. Function version 0.2.1. In: Kreutzer, S., Dietze, M., Burow, C., Fuchs, M.C., Schmidt, C., Fischer, M., Friedrich, J. (2017). Luminescence: Comprehensive Luminescence Dating Data Analysis. R package version 0.8.0. https://CRAN.R-project.org/package=Luminescence
"
"ExampleData.BINfileData","Example data from a SAR OSL and SAR TL measurement for the package<br /> Luminescence","Example data from a SAR OSL and TL measurement for package Luminescence directly extracted from a Risoe BIN-file and provided in an object of type Risoe.BINfileData",NA,NA,NA,NA,NA
"ExampleData.CW_OSL_Curve","Example CW-OSL curve data for the package Luminescence","data.frame  containing CW-OSL curve data (time, counts)",NA,NA,NA,NA,NA
"ExampleData.DeValues","Example De data sets for the package Luminescence","Equivalent dose (De) values measured for a fine grain quartz sample from a loess section in Rottewitz (Saxony/Germany) and for a coarse grain quartz sample from a fluvial deposit in the rock shelter of Cueva Anton (Murcia/Spain).",NA,NA,NA,NA,NA
"ExampleData.Fading","Example data for feldspar fading measurements","Example data set for fading measurements of the IR50, IR100, IR150 and IR225 feldspar signals of sample UNIL/NB123. It further contains regular equivalent dose measurement data of the same sample, which can be used to apply a fading correction to.",NA,NA,NA,NA,NA
"ExampleData.FittingLM","Example data for fit_LMCurve() in the package Luminescence","Lineraly modulated (LM) measurement data from a quartz sample from Norway including background measurement. Measurements carried out in the luminescence laboratory at the University of Bayreuth.",NA,NA,NA,NA,NA
"ExampleData.LxTxData","Example Lx/Tx data from CW-OSL SAR measurement","LxTx data from a SAR measurement for the package Luminescence.",NA,NA,NA,NA,NA
"ExampleData.LxTxOSLData","Example Lx and Tx curve data from an artificial OSL measurement","Lx and Tx data of continous wave (CW-) OSL signal curves.",NA,NA,NA,NA,NA
"ExampleData.portableOSL","Example portable OSL curve data for the package Luminescence","A  list  of  RLum.Analysis  objects, each containing the same number of  RLum.Data.Curve  objects representing individual OSL, IRSL and dark count measurements of a sample.",NA,NA,NA,NA,NA
"ExampleData.RLum.Analysis","Example data as  RLum.Analysis  objects","Collection of different  RLum.Analysis  objects for protocol analysis.",NA,NA,NA,NA,NA
"ExampleData.RLum.Data.Image","Example data as  RLum.Data.Image  objects","Measurement of Princton Instruments camera imported with the function read_SPE2R  to R to produce an RLum.Data.Image  object.",NA,NA,NA,NA,NA
"ExampleData.XSYG","Example data for a SAR OSL measurement and a TL spectrum using a lexsyg<br /> reader","Example data from a SAR OSL measurement and a TL spectrum for package Luminescence imported from a Freiberg Instruments XSYG file using the function  read_XSYG2R .",NA,NA,NA,NA,NA
"extract_IrradiationTimes","Extract Irradiation Times from an XSYG-file","Extracts irradiation times, dose and times since last irradiation, from a Freiberg Instruments XSYG-file. These information can be further used to update an existing BINX-file.","0.3.1","2017-07-05","12:19:18
","Sebastian Kreutzer, IRAMAT-CRP2A, Universite Bordeaux Montaigne (France)<br />  R Luminescence Package Team","Kreutzer, S. (2017). extract_IrradiationTimes(): Extract Irradiation Times from an XSYG-file. Function version 0.3.1. In: Kreutzer, S., Dietze, M., Burow, C., Fuchs, M.C., Schmidt, C., Fischer, M., Friedrich, J. (2017). Luminescence: Comprehensive Luminescence Dating Data Analysis. R package version 0.8.0. https://CRAN.R-project.org/package=Luminescence
"
"fit_CWCurve","Nonlinear Least Squares Fit for CW-OSL curves  [beta version]","The function determines the weighted least-squares estimates of the component parameters of a CW-OSL signal for a given maximum number of components and returns various component parameters. The fitting procedure uses the  nls  function with the  port  algorithm.","0.5.2","2017-07-05","12:19:18
","Sebastian Kreutzer, IRAMAT-CRP2A, Universite Bordeaux Montaigne (France)<br />  R Luminescence Package Team","Kreutzer, S. (2017). fit_CWCurve(): Nonlinear Least Squares Fit for CW-OSL curves [beta version]. Function version 0.5.2. In: Kreutzer, S., Dietze, M., Burow, C., Fuchs, M.C., Schmidt, C., Fischer, M., Friedrich, J. (2017). Luminescence: Comprehensive Luminescence Dating Data Analysis. R package version 0.8.0. https://CRAN.R-project.org/package=Luminescence
"
"fit_LMCurve","Nonlinear Least Squares Fit for LM-OSL curves","The function determines weighted nonlinear least-squares estimates of the component parameters of an LM-OSL curve (Bulur 1996) for a given number of components and returns various component parameters. The fitting procedure uses the function  nls  with the  port  algorithm.","0.3.2","2017-07-05","12:19:18
","Sebastian Kreutzer, IRAMAT-CRP2A, Universite Bordeaux Montaigne (France)<br />  R Luminescence Package Team","Kreutzer, S. (2017). fit_LMCurve(): Nonlinear Least Squares Fit for LM-OSL curves. Function version 0.3.2. In: Kreutzer, S., Dietze, M., Burow, C., Fuchs, M.C., Schmidt, C., Fischer, M., Friedrich, J. (2017). Luminescence: Comprehensive Luminescence Dating Data Analysis. R package version 0.8.0. https://CRAN.R-project.org/package=Luminescence
"
"get_Layout","Collection of layout definitions","This helper function returns a list with layout definitions for homogeneous plotting.","0.1","2017-07-05","12:19:18
","Michael Dietze, GFZ Potsdam (Germany)<br />  R Luminescence Package Team","Dietze, M. (2017). get_Layout(): Collection of layout definitions. Function version 0.1. In: Kreutzer, S., Dietze, M., Burow, C., Fuchs, M.C., Schmidt, C., Fischer, M., Friedrich, J. (2017). Luminescence: Comprehensive Luminescence Dating Data Analysis. R package version 0.8.0. https://CRAN.R-project.org/package=Luminescence
"
"get_Quote","Function to return essential quotes","This function returns one of the collected essential quotes in the growing library. If called without any parameters, a random quote is returned.","0.1.1","2017-07-05","12:19:18
","Michael Dietze, GFZ Potsdam (Germany)<br />  R Luminescence Package Team","Dietze, M. (2017). get_Quote(): Function to return essential quotes. Function version 0.1.1. In: Kreutzer, S., Dietze, M., Burow, C., Fuchs, M.C., Schmidt, C., Fischer, M., Friedrich, J. (2017). Luminescence: Comprehensive Luminescence Dating Data Analysis. R package version 0.8.0. https://CRAN.R-project.org/package=Luminescence
"
"get_rightAnswer","Function to get the right answer","This function returns just the right answer","0.1.0","2017-07-05","12:19:18
","inspired by R.G.<br />  R Luminescence Package Team","NA, NA, ,  (2017). get_rightAnswer(): Function to get the right answer. Function version 0.1.0. In: Kreutzer, S., Dietze, M., Burow, C., Fuchs, M.C., Schmidt, C., Fischer, M., Friedrich, J. (2017). Luminescence: Comprehensive Luminescence Dating Data Analysis. R package version 0.8.0. https://CRAN.R-project.org/package=Luminescence
"
"get_Risoe.BINfileData","General accessor function for RLum S4 class objects","Function calls object-specific get functions for RisoeBINfileData S4 class objects.","0.1.0","2017-07-05","12:19:18
","Sebastian Kreutzer, IRAMAT-CRP2A, Universite Bordeaux Montaigne (France)<br />  R Luminescence Package Team","Kreutzer, S. (2017). get_Risoe.BINfileData(): General accessor function for RLum S4 class objects. Function version 0.1.0. In: Kreutzer, S., Dietze, M., Burow, C., Fuchs, M.C., Schmidt, C., Fischer, M., Friedrich, J. (2017). Luminescence: Comprehensive Luminescence Dating Data Analysis. R package version 0.8.0. https://CRAN.R-project.org/package=Luminescence
"
"get_RLum","General accessor function for RLum S4 class objects","Function calls object-specific get functions for RLum S4 class objects.","0.3.0","2017-07-05","12:19:18
","Sebastian Kreutzer, IRAMAT-CRP2A, Universite Bordeaux Montaigne (France)<br />  R Luminescence Package Team","Kreutzer, S. (2017). get_RLum(): General accessor function for RLum S4 class objects. Function version 0.3.0. In: Kreutzer, S., Dietze, M., Burow, C., Fuchs, M.C., Schmidt, C., Fischer, M., Friedrich, J. (2017). Luminescence: Comprehensive Luminescence Dating Data Analysis. R package version 0.8.0. https://CRAN.R-project.org/package=Luminescence
"
"GitHub-API","GitHub API","R Interface to the GitHub API v3.","0.1.0
",NA,NA,"Christoph Burow, University of Cologne (Germany)<br />  R Luminescence Package Team","Burow, C. (2017). GitHub-API(): GitHub API. Function version 0.1.0. In: Kreutzer, S., Dietze, M., Burow, C., Fuchs, M.C., Schmidt, C., Fischer, M., Friedrich, J. (2017). Luminescence: Comprehensive Luminescence Dating Data Analysis. R package version 0.8.0. https://CRAN.R-project.org/package=Luminescence
"
"install_DevelopmentVersion","Attempts to install the development version of the 'Luminescence' package","This function is a convenient method for installing the development version of the R package 'Luminescence' directly from GitHub.",NA,NA,NA,NA,NA
"length_RLum","General accessor function for RLum S4 class objects","Function calls object-specific get functions for RLum S4 class objects.","0.1.0","2017-07-05","12:19:18
","Sebastian Kreutzer, IRAMAT-CRP2A, Universite Bordeaux Montaigne<br /> (France)<br />  R Luminescence Package Team","Kreutzer, S. (2017). length_RLum(): General accessor function for RLum S4 class objects. Function version 0.1.0. In: Kreutzer, S., Dietze, M., Burow, C., Fuchs, M.C., Schmidt, C., Fischer, M., Friedrich, J. (2017). Luminescence: Comprehensive Luminescence Dating Data Analysis. R package version 0.8.0. https://CRAN.R-project.org/package=Luminescence
"
"merge_Risoe.BINfileData","Merge Risoe.BINfileData objects or Risoe BIN-files","Function allows merging Risoe BIN/BINX files or Risoe.BINfileData objects.","0.2.7","2017-07-05","12:19:18
","Sebastian Kreutzer, IRAMAT-CRP2A, Universite Bordeaux Montaigne (France)<br />  R Luminescence Package Team","Kreutzer, S. (2017). merge_Risoe.BINfileData(): Merge Risoe.BINfileData objects or Risoe BIN-files. Function version 0.2.7. In: Kreutzer, S., Dietze, M., Burow, C., Fuchs, M.C., Schmidt, C., Fischer, M., Friedrich, J. (2017). Luminescence: Comprehensive Luminescence Dating Data Analysis. R package version 0.8.0. https://CRAN.R-project.org/package=Luminescence
"
"merge_RLum.Analysis","Merge function for RLum.Analysis S4 class objects","Function allows merging of RLum.Analysis objects and adding of allowed objects to an RLum.Analysis.","0.2.0","2017-07-05","12:19:18
","Sebastian Kreutzer, IRAMAT-CRP2A, Universite Bordeaux Montaigne (France)<br />  R Luminescence Package Team","Kreutzer, S. (2017). merge_RLum.Analysis(): Merge function for RLum.Analysis S4 class objects. Function version 0.2.0. In: Kreutzer, S., Dietze, M., Burow, C., Fuchs, M.C., Schmidt, C., Fischer, M., Friedrich, J. (2017). Luminescence: Comprehensive Luminescence Dating Data Analysis. R package version 0.8.0. https://CRAN.R-project.org/package=Luminescence
"
"merge_RLum.Data.Curve","Merge function for RLum.Data.Curve S4 class objects","Function allows merging of RLum.Data.Curve objects in different ways","0.2.0","2017-07-05","12:19:18
","Sebastian Kreutzer, IRAMAT-CRP2A, Universite Bordeaux Montaigne (France)<br />  R Luminescence Package Team","Kreutzer, S. (2017). merge_RLum.Data.Curve(): Merge function for RLum.Data.Curve S4 class objects. Function version 0.2.0. In: Kreutzer, S., Dietze, M., Burow, C., Fuchs, M.C., Schmidt, C., Fischer, M., Friedrich, J. (2017). Luminescence: Comprehensive Luminescence Dating Data Analysis. R package version 0.8.0. https://CRAN.R-project.org/package=Luminescence
"
"merge_RLum","General merge function for RLum S4 class objects","Function calls object-specific merge functions for RLum S4 class objects.","0.1.2","2017-07-05","12:19:18
","Sebastian Kreutzer, IRAMAT-CRP2A, Universite Bordeaux Montaigne (France)<br />  R Luminescence Package Team","Kreutzer, S. (2017). merge_RLum(): General merge function for RLum S4 class objects. Function version 0.1.2. In: Kreutzer, S., Dietze, M., Burow, C., Fuchs, M.C., Schmidt, C., Fischer, M., Friedrich, J. (2017). Luminescence: Comprehensive Luminescence Dating Data Analysis. R package version 0.8.0. https://CRAN.R-project.org/package=Luminescence
"
"merge_RLum.Results","Merge function for RLum.Results S4-class objects","Function merges objects of class  RLum.Results . The slots in the objects are combined depending on the object type, e.g., for  data.frame  and  matrix  rows are appended.","0.2.0","2017-07-05","12:19:18
","Sebastian Kreutzer, IRAMAT-CRP2A, Universite Bordeaux Montaigne (France)<br />  R Luminescence Package Team","Kreutzer, S. (2017). merge_RLum.Results(): Merge function for RLum.Results S4-class objects. Function version 0.2.0. In: Kreutzer, S., Dietze, M., Burow, C., Fuchs, M.C., Schmidt, C., Fischer, M., Friedrich, J. (2017). Luminescence: Comprehensive Luminescence Dating Data Analysis. R package version 0.8.0. https://CRAN.R-project.org/package=Luminescence
"
"methods_RLum","methods_RLum","Methods for S3-generics implemented for the package 'Luminescence'. This document summarises all implemented S3-generics. The name of the function is given before the first dot, after the dot the name of the object that is supported by this method is given, e.g.  plot.RLum.Data.Curve  can be called by  plot(object, ...) , where  object  is the  RLum.Data.Curve  object.",NA,NA,NA,NA,NA
"model_LuminescenceSignals","Model Luminescence Signals (wrapper)","Wrapper for the function  RLumModel::model_LuminescenceSignals  from the package RLumModel::RLumModel-package . For the further details and examples please see the manual of this package.","0.1.3","2017-07-05","12:19:18
","Johannes Friedrich, University of Bayreuth (Germany)  <br /> Sebastian Kreutzer, IRAMAT-CRP2A, Universite Bordeaux Montaige (France)<br />  R Luminescence Package Team","Friedrich, J., Kreutzer, S. (2017). model_LuminescenceSignals(): Model Luminescence Signals (wrapper). Function version 0.1.3. In: Kreutzer, S., Dietze, M., Burow, C., Fuchs, M.C., Schmidt, C., Fischer, M., Friedrich, J. (2017). Luminescence: Comprehensive Luminescence Dating Data Analysis. R package version 0.8.0. https://CRAN.R-project.org/package=Luminescence
"
"names_RLum","S4-names function for RLum S4 class objects","Function calls object-specific names functions for RLum S4 class objects.","0.1.0","2017-07-05","12:19:18
","Sebastian Kreutzer, IRAMAT-CRP2A, Universite Bordeaux Montaigne (France)<br />  R Luminescence Package Team","Kreutzer, S. (2017). names_RLum(): S4-names function for RLum S4 class objects. Function version 0.1.0. In: Kreutzer, S., Dietze, M., Burow, C., Fuchs, M.C., Schmidt, C., Fischer, M., Friedrich, J. (2017). Luminescence: Comprehensive Luminescence Dating Data Analysis. R package version 0.8.0. https://CRAN.R-project.org/package=Luminescence
"
"plot_AbanicoPlot","Function to create an Abanico Plot.","A plot is produced which allows comprehensive presentation of data precision and its dispersion around a central value as well as illustration of a kernel density estimate, histogram and/or dot plot of the dose values.","0.1.10","2017-07-05","12:19:18
","Michael Dietze, GFZ Potsdam (Germany) <br /> Sebastian Kreutzer, RAMAT-CRP2A, Universite Bordeaux Montaigne (France) <br /> Inspired by a plot introduced by Galbraith & Green (1990)<br />  R Luminescence Package Team","Dietze, M., Kreutzer, S. (2017). plot_AbanicoPlot(): Function to create an Abanico Plot.. Function version 0.1.10. In: Kreutzer, S., Dietze, M., Burow, C., Fuchs, M.C., Schmidt, C., Fischer, M., Friedrich, J. (2017). Luminescence: Comprehensive Luminescence Dating Data Analysis. R package version 0.8.0. https://CRAN.R-project.org/package=Luminescence
"
"plot_DetPlot","Create De(t) plot","Plots the equivalent dose (De) in dependency of the chosen signal integral (cf. Bailey et al., 2003). The function is simply passing several arguments to the function  plot  and the used analysis functions and runs it in a loop. Example:  legend.pos  for legend position,  legend  for legend text.","0.1.1","2017-07-05","12:19:18
","Sebastian Kreutzer, IRAMAT-CRP2A, Universite Bordeaux Montaigne (France)<br />  R Luminescence Package Team","Kreutzer, S. (2017). plot_DetPlot(): Create De(t) plot. Function version 0.1.1. In: Kreutzer, S., Dietze, M., Burow, C., Fuchs, M.C., Schmidt, C., Fischer, M., Friedrich, J. (2017). Luminescence: Comprehensive Luminescence Dating Data Analysis. R package version 0.8.0. https://CRAN.R-project.org/package=Luminescence
"
"plot_DRTResults","Visualise dose recovery test results","The function provides a standardised plot output for dose recovery test measurements.","0.1.10","2017-07-05","12:19:18
","Sebastian Kreutzer, IRAMAT-CRP2A, Universite Bordeaux Montaigne (France) <br /> Michael Dietze, GFZ Potsdam (Germany)<br />  R Luminescence Package Team","Kreutzer, S., Dietze, M. (2017). plot_DRTResults(): Visualise dose recovery test results. Function version 0.1.10. In: Kreutzer, S., Dietze, M., Burow, C., Fuchs, M.C., Schmidt, C., Fischer, M., Friedrich, J. (2017). Luminescence: Comprehensive Luminescence Dating Data Analysis. R package version 0.8.0. https://CRAN.R-project.org/package=Luminescence
"
"plot_FilterCombinations","Plot filter combinations along with the (optional) net transmission window","The function allows to plot transmission windows for different filters. Missing data for specific wavelenghts are automatically interpolated for the given filter data using the function  approx . With that a standardised output is reached and a net transmission window can be shown.","0.3.0","2017-07-05","12:19:18
","Sebastian Kreutzer, IRAMAT-CRP2A, Universite Bordeaux Montagine (France)<br />  R Luminescence Package Team","Kreutzer, S. (2017). plot_FilterCombinations(): Plot filter combinations along with the (optional) net transmission window. Function version 0.3.0. In: Kreutzer, S., Dietze, M., Burow, C., Fuchs, M.C., Schmidt, C., Fischer, M., Friedrich, J. (2017). Luminescence: Comprehensive Luminescence Dating Data Analysis. R package version 0.8.0. https://CRAN.R-project.org/package=Luminescence
"
"plot_GrowthCurve","Fit and plot a growth curve for luminescence data (Lx/Tx against dose)","A dose response curve is produced for luminescence measurements using a regenerative or additive protocol. The function supports interpolation and extraxpolation to calculate the equivalent dose.","1.9.6","2017-07-05","12:19:18
","Sebastian Kreutzer, IRAMAT-CRP2A, Universite Bordeaux Montaigne (France) <br /> Michael Dietze, GFZ Potsdam (Germany)<br />  R Luminescence Package Team","Kreutzer, S., Dietze, M. (2017). plot_GrowthCurve(): Fit and plot a growth curve for luminescence data (Lx/Tx against dose). Function version 1.9.6. In: Kreutzer, S., Dietze, M., Burow, C., Fuchs, M.C., Schmidt, C., Fischer, M., Friedrich, J. (2017). Luminescence: Comprehensive Luminescence Dating Data Analysis. R package version 0.8.0. https://CRAN.R-project.org/package=Luminescence
"
"plot_Histogram","Plot a histogram with separate error plot","Function plots a predefined histogram with an accompanying error plot as suggested by Rex Galbraith at the UK LED in Oxford 2010.","0.4.4","2017-07-05","12:19:18
","Michael Dietze, GFZ Potsdam (Germany) <br /> Sebastian Kreutzer, IRAMAT-CRP2A, Universite Bordeaux Montaigne (France)<br />  R Luminescence Package Team","Dietze, M., Kreutzer, S. (2017). plot_Histogram(): Plot a histogram with separate error plot. Function version 0.4.4. In: Kreutzer, S., Dietze, M., Burow, C., Fuchs, M.C., Schmidt, C., Fischer, M., Friedrich, J. (2017). Luminescence: Comprehensive Luminescence Dating Data Analysis. R package version 0.8.0. https://CRAN.R-project.org/package=Luminescence
"
"plot_KDE","Plot kernel density estimate with statistics","Plot a kernel density estimate of measurement values in combination with the actual values and associated error bars in ascending order. If enabled, the boxplot will show the usual distribution parameters (median as bold line, box delimited by the first and third quartile, whiskers defined by the extremes and outliers shown as points) and also the mean and standard deviation as pale bold line and pale polygon, respectively.","3.5.5","2017-07-05","12:19:18
","Michael Dietze, GFZ Potsdam (Germany) <br /> Sebastian Kreutzer, IRAMAT-CRP2A, Universite Bordeaux Montaigne<br />  R Luminescence Package Team","Dietze, M., Kreutzer, S. (2017). plot_KDE(): Plot kernel density estimate with statistics. Function version 3.5.5. In: Kreutzer, S., Dietze, M., Burow, C., Fuchs, M.C., Schmidt, C., Fischer, M., Friedrich, J. (2017). Luminescence: Comprehensive Luminescence Dating Data Analysis. R package version 0.8.0. https://CRAN.R-project.org/package=Luminescence
"
"plot_NRt","Visualise natural/regenerated signal ratios","This function creates a Natural/Regenerated signal vs. time (NR(t)) plot as shown in Steffen et al. 2009",NA,NA,NA,"Christoph Burow, University of Cologne (Germany)<br />","Burow, C. (2017). plot_NRt(): Visualise natural/regenerated signal ratios. In: Kreutzer, S., Dietze, M., Burow, C., Fuchs, M.C., Schmidt, C., Fischer, M., Friedrich, J. (2017). Luminescence: Comprehensive Luminescence Dating Data Analysis. R package version 0.8.0. https://CRAN.R-project.org/package=Luminescence
"
"plot_RadialPlot","Function to create a Radial Plot","A Galbraith's radial plot is produced on a logarithmic or a linear scale.","0.5.4","2017-07-05","12:19:18
","Michael Dietze, GFZ Potsdam (Germany) <br /> Sebastian Kreutzer, IRAMAT-CRP2A, Universite Bordeaux Montaigne (France) <br /> Based on a rewritten S script of Rex Galbraith, 2010<br />  R Luminescence Package Team","Dietze, M., Kreutzer, S. (2017). plot_RadialPlot(): Function to create a Radial Plot. Function version 0.5.4. In: Kreutzer, S., Dietze, M., Burow, C., Fuchs, M.C., Schmidt, C., Fischer, M., Friedrich, J. (2017). Luminescence: Comprehensive Luminescence Dating Data Analysis. R package version 0.8.0. https://CRAN.R-project.org/package=Luminescence
"
"plot_Risoe.BINfileData","Plot single luminescence curves from a BIN file object","Plots single luminescence curves from an object returned by the read_BIN2R  function.","0.4.1","2017-07-05","12:19:18
","Sebastian Kreutzer, IRAMAT-CRP2A, Universite Bordeaux Montaigne (France) <br /> Michael Dietze, GFZ Potsdam (Germany)<br />  R Luminescence Package Team","Kreutzer, S., Dietze, M. (2017). plot_Risoe.BINfileData(): Plot single luminescence curves from a BIN file object. Function version 0.4.1. In: Kreutzer, S., Dietze, M., Burow, C., Fuchs, M.C., Schmidt, C., Fischer, M., Friedrich, J. (2017). Luminescence: Comprehensive Luminescence Dating Data Analysis. R package version 0.8.0. https://CRAN.R-project.org/package=Luminescence
"
"plot_RLum.Analysis","Plot function for an RLum.Analysis S4 class object","The function provides a standardised plot output for curve data of an RLum.Analysis S4 class object","0.3.8","2017-07-05","12:19:18
","Sebastian Kreutzer, IRAMAT-CRP2A, Universite Bordeaux Montaigne (France)<br />  R Luminescence Package Team","Kreutzer, S. (2017). plot_RLum.Analysis(): Plot function for an RLum.Analysis S4 class object. Function version 0.3.8. In: Kreutzer, S., Dietze, M., Burow, C., Fuchs, M.C., Schmidt, C., Fischer, M., Friedrich, J. (2017). Luminescence: Comprehensive Luminescence Dating Data Analysis. R package version 0.8.0. https://CRAN.R-project.org/package=Luminescence
"
"plot_RLum.Data.Curve","Plot function for an RLum.Data.Curve S4 class object","The function provides a standardised plot output for curve data of an RLum.Data.Curve S4 class object","0.2.3","2017-07-05","12:19:18
","Sebastian Kreutzer, IRAMAT-CRP2A, Universite Bordeaux Montaigne (France)<br />  R Luminescence Package Team","Kreutzer, S. (2017). plot_RLum.Data.Curve(): Plot function for an RLum.Data.Curve S4 class object. Function version 0.2.3. In: Kreutzer, S., Dietze, M., Burow, C., Fuchs, M.C., Schmidt, C., Fischer, M., Friedrich, J. (2017). Luminescence: Comprehensive Luminescence Dating Data Analysis. R package version 0.8.0. https://CRAN.R-project.org/package=Luminescence
"
"plot_RLum.Data.Image","Plot function for an  RLum.Data.Image  S4 class object","The function provides a standardised plot output for image data of an RLum.Data.Image S4 class object, mainly using the plot functions provided by the  raster  package.","0.1","2017-07-05","12:19:18
","Sebastian Kreutzer, IRAMAT-CRP2A, Universite Bordeaux Montaigne (France)<br />  R Luminescence Package Team","Kreutzer, S. (2017). plot_RLum.Data.Image(): Plot function for an RLum.Data.Image S4 class object. Function version 0.1. In: Kreutzer, S., Dietze, M., Burow, C., Fuchs, M.C., Schmidt, C., Fischer, M., Friedrich, J. (2017). Luminescence: Comprehensive Luminescence Dating Data Analysis. R package version 0.8.0. https://CRAN.R-project.org/package=Luminescence
"
"plot_RLum.Data.Spectrum","Plot function for an RLum.Data.Spectrum S4 class object","The function provides a standardised plot output for spectrum data of an RLum.Data.Spectrum S4 class object","0.5.3","2017-07-05","12:19:18
","Sebastian Kreutzer, IRAMAT-CRP2A, Universite Bordeaux Montaigne (France)<br />  R Luminescence Package Team","Kreutzer, S. (2017). plot_RLum.Data.Spectrum(): Plot function for an RLum.Data.Spectrum S4 class object. Function version 0.5.3. In: Kreutzer, S., Dietze, M., Burow, C., Fuchs, M.C., Schmidt, C., Fischer, M., Friedrich, J. (2017). Luminescence: Comprehensive Luminescence Dating Data Analysis. R package version 0.8.0. https://CRAN.R-project.org/package=Luminescence
"
"plot_RLum","General plot function for RLum S4 class objects","Function calls object specific plot functions for RLum S4 class objects.","0.4.3","2017-07-05","12:19:18
","Sebastian Kreutzer, IRAMAT-CRP2A, Universite Bordeaux Montaigne (France)<br />  R Luminescence Package Team","Kreutzer, S. (2017). plot_RLum(): General plot function for RLum S4 class objects. Function version 0.4.3. In: Kreutzer, S., Dietze, M., Burow, C., Fuchs, M.C., Schmidt, C., Fischer, M., Friedrich, J. (2017). Luminescence: Comprehensive Luminescence Dating Data Analysis. R package version 0.8.0. https://CRAN.R-project.org/package=Luminescence
"
"plot_RLum.Results","Plot function for an RLum.Results S4 class object","The function provides a standardised plot output for data of an RLum.Results S4 class object","0.2.1","2017-07-05","12:19:18
","Christoph Burow, University of Cologne (Germany)  <br /> Sebastian Kreutzer, IRAMAT-CRP2A, Universite Bordeaux Montaigne (France)<br />  R Luminescence Package Team","Burow, C., Kreutzer, S. (2017). plot_RLum.Results(): Plot function for an RLum.Results S4 class object. Function version 0.2.1. In: Kreutzer, S., Dietze, M., Burow, C., Fuchs, M.C., Schmidt, C., Fischer, M., Friedrich, J. (2017). Luminescence: Comprehensive Luminescence Dating Data Analysis. R package version 0.8.0. https://CRAN.R-project.org/package=Luminescence
"
"plot_ViolinPlot","Create a violin plot","Draws a kernal densiy plot in combination with a boxplot in its middle. The shape of the violin is constructed using a mirrored density curve. This plot is especially designed for cases where the individual errors are zero or to small to be visualised. The idea for this plot is based on the the 'volcano plot' in the ggplot2 package by Hadely Wickham and Winston Chang. The general idea for the Violin Plot seems to be introduced by Hintze and Nelson (1998).","0.1.3","2017-07-05","12:19:18
","Sebastian Kreutzer, IRAMAT-CRP2A, Universite Bordeaux Montaigne (France)<br />  R Luminescence Package Team","Kreutzer, S. (2017). plot_ViolinPlot(): Create a violin plot. Function version 0.1.3. In: Kreutzer, S., Dietze, M., Burow, C., Fuchs, M.C., Schmidt, C., Fischer, M., Friedrich, J. (2017). Luminescence: Comprehensive Luminescence Dating Data Analysis. R package version 0.8.0. https://CRAN.R-project.org/package=Luminescence
"
"PSL2Risoe.BINfileData","Convert portable OSL data to an Risoe.BINfileData object","Converts an  RLum.Analysis  object produced by the function  read_PSL2R()  to an  Risoe.BINfileData  object  (BETA) .","0.0.1","2017-07-05","12:19:18
","Christoph Burow, University of Cologne (Germany)<br />  R Luminescence Package Team","Burow, C. (2017). PSL2Risoe.BINfileData(): Convert portable OSL data to an Risoe.BINfileData object. Function version 0.0.1. In: Kreutzer, S., Dietze, M., Burow, C., Fuchs, M.C., Schmidt, C., Fischer, M., Friedrich, J. (2017). Luminescence: Comprehensive Luminescence Dating Data Analysis. R package version 0.8.0. https://CRAN.R-project.org/package=Luminescence
"
"read_BIN2R","Import Risoe BIN-file into R","Import a *.bin or a *.binx file produced by a Risoe DA15 and DA20 TL/OSL reader into R.","0.15.7","2017-07-12","14:39:14
","Sebastian Kreutzer, IRAMAT-CRP2A, Universite Bordeaux Montaigne (France) <br /> Margret C. Fuchs, HZDR Freiberg, (Germany)<br />  R Luminescence Package Team","Kreutzer, S., Fuchs, M.C. (2017). read_BIN2R(): Import Risoe BIN-file into R. Function version 0.15.7. In: Kreutzer, S., Dietze, M., Burow, C., Fuchs, M.C., Schmidt, C., Fischer, M., Friedrich, J. (2017). Luminescence: Comprehensive Luminescence Dating Data Analysis. R package version 0.8.0. https://CRAN.R-project.org/package=Luminescence
"
"read_Daybreak2R","Import measurement data produced by a Daybreak TL/OSL reader into R","Import a TXT-file (ASCII file) or a DAT-file (binary file) produced by a Daybreak reader into R. The import of the DAT-files is limited to the file format described for the software TLAPLLIC v.3.2 used for a Daybreak, model 1100.","0.3.0","2017-07-05","12:19:18
","Sebastian Kreutzer, IRAMAT-CRP2A, Universite Bordeaux Montaigne (France) <br /> Anotine Zink, C2RMF, Palais du Louvre, Paris (France)<br /> <br /> The ASCII-file import is based on a suggestion by Willian Amidon and Andrew Louis Gorin<br />  R Luminescence Package Team","Kreutzer, S., Zink, A. (2017). read_Daybreak2R(): Import measurement data produced by a Daybreak TL/OSL reader into R. Function version 0.3.0. In: Kreutzer, S., Dietze, M., Burow, C., Fuchs, M.C., Schmidt, C., Fischer, M., Friedrich, J. (2017). Luminescence: Comprehensive Luminescence Dating Data Analysis. R package version 0.8.0. https://CRAN.R-project.org/package=Luminescence
"
"read_PSL2R","Import PSL files to R","Imports PSL files produced by a SUERC portable OSL reader into R  (BETA) .","0.0.1","2017-07-05","12:19:18
","Christoph Burow, University of Cologne (Germany)<br />  R Luminescence Package Team","Burow, C. (2017). read_PSL2R(): Import PSL files to R. Function version 0.0.1. In: Kreutzer, S., Dietze, M., Burow, C., Fuchs, M.C., Schmidt, C., Fischer, M., Friedrich, J. (2017). Luminescence: Comprehensive Luminescence Dating Data Analysis. R package version 0.8.0. https://CRAN.R-project.org/package=Luminescence
"
"read_SPE2R","Import Princeton Intruments (TM) SPE-file into R","Function imports Princeton Instruments (TM) SPE-files into R environment and provides  RLum  objects as output.","0.1.0","2017-07-05","12:19:18
","Sebastian Kreutzer, IRAMAT-CRP2A, Universite Bordeaux Montaigne (France)<br />  R Luminescence Package Team","Kreutzer, S. (2017). read_SPE2R(): Import Princeton Intruments (TM) SPE-file into R. Function version 0.1.0. In: Kreutzer, S., Dietze, M., Burow, C., Fuchs, M.C., Schmidt, C., Fischer, M., Friedrich, J. (2017). Luminescence: Comprehensive Luminescence Dating Data Analysis. R package version 0.8.0. https://CRAN.R-project.org/package=Luminescence
"
"read_XSYG2R","Import XSYG files to R","Imports XSYG files produced by a Freiberg Instrument lexsyg reader into R.","0.6.0","2017-07-12","15:46:15
","Sebastian Kreutzer, IRAMAT-CRP2A, Universite Bordeaux Montaigne (France)<br />  R Luminescence Package Team","Kreutzer, S. (2017). read_XSYG2R(): Import XSYG files to R. Function version 0.6.0. In: Kreutzer, S., Dietze, M., Burow, C., Fuchs, M.C., Schmidt, C., Fischer, M., Friedrich, J. (2017). Luminescence: Comprehensive Luminescence Dating Data Analysis. R package version 0.8.0. https://CRAN.R-project.org/package=Luminescence
"
"replicate_RLum","General replication function for RLum S4 class objects","Function replicates RLum S4 class objects and returns a list for this objects","0.1.0","2017-07-05","12:19:18
","Sebastian Kreutzer, IRAMAT-CRP2A, Universite Bordeaux Montaigne (France)<br />  R Luminescence Package Team","Kreutzer, S. (2017). replicate_RLum(): General replication function for RLum S4 class objects. Function version 0.1.0. In: Kreutzer, S., Dietze, M., Burow, C., Fuchs, M.C., Schmidt, C., Fischer, M., Friedrich, J. (2017). Luminescence: Comprehensive Luminescence Dating Data Analysis. R package version 0.8.0. https://CRAN.R-project.org/package=Luminescence
"
"report_RLum","Create a HTML report for (RLum) objects","This function creates a HTML report for a given object, listing its complete structure and content. The object itself is saved as a serialised .Rds file. The report file serves both as a convenient way of browsing through objects with complex data structures as well as a mean of properly documenting and saving objects.","0.1.0","2017-07-05","12:19:18
","Christoph Burow, University of Cologne (Germany)  <br />  R Luminescence Package Team","Burow, C. (2017). report_RLum(): Create a HTML report for (RLum) objects. Function version 0.1.0. In: Kreutzer, S., Dietze, M., Burow, C., Fuchs, M.C., Schmidt, C., Fischer, M., Friedrich, J. (2017). Luminescence: Comprehensive Luminescence Dating Data Analysis. R package version 0.8.0. https://CRAN.R-project.org/package=Luminescence
"
"Risoe.BINfileData-class","Class  \"Risoe.BINfileData\"","S4 class object for luminescence data in R. The object is produced as output of the function  read_BIN2R .","0.3.3
",NA,NA,"Sebastian Kreutzer, IRAMAT-CRP2A, Universite Bordeaux Montaigne (France)<br />  R Luminescence Package Team","Kreutzer, S. (2017). Risoe.BINfileData-class(): Class 'Risoe.BINfileData'. Function version 0.3.3. In: Kreutzer, S., Dietze, M., Burow, C., Fuchs, M.C., Schmidt, C., Fischer, M., Friedrich, J. (2017). Luminescence: Comprehensive Luminescence Dating Data Analysis. R package version 0.8.0. https://CRAN.R-project.org/package=Luminescence
"
"Risoe.BINfileData2RLum.Analysis","Convert Risoe.BINfileData object to an RLum.Analysis object","Converts values from one specific position of a Risoe.BINfileData S4-class object to an RLum.Analysis object.","0.4.2","2017-07-05","12:19:18
","Sebastian Kreutzer, IRAMAT-CRP2A, Universite Bordeaux Montaigne (France)<br />  R Luminescence Package Team","Kreutzer, S. (2017). Risoe.BINfileData2RLum.Analysis(): Convert Risoe.BINfileData object to an RLum.Analysis object. Function version 0.4.2. In: Kreutzer, S., Dietze, M., Burow, C., Fuchs, M.C., Schmidt, C., Fischer, M., Friedrich, J. (2017). Luminescence: Comprehensive Luminescence Dating Data Analysis. R package version 0.8.0. https://CRAN.R-project.org/package=Luminescence
"
"RLum-class","Class  \"RLum\"","Abstract class for data in the package Luminescence",NA,NA,NA,"Sebastian Kreutzer, IRAMAT-CRP2A, Universite Bordeaux Montaigne (France)<br />","Kreutzer, S. (2017). RLum-class(): Class 'RLum'. In: Kreutzer, S., Dietze, M., Burow, C., Fuchs, M.C., Schmidt, C., Fischer, M., Friedrich, J. (2017). Luminescence: Comprehensive Luminescence Dating Data Analysis. R package version 0.8.0. https://CRAN.R-project.org/package=Luminescence
"
"RLum.Analysis-class","Class  \"RLum.Analysis\"","Object class to represent analysis data for protocol analysis, i.e. all curves, spectra etc. from one measurements. Objects from this class are produced, by e.g.  read_XSYG2R ,  read_Daybreak2R",NA,NA,NA,"Sebastian Kreutzer, IRAMAT-CRP2A, Universite Bordeaux Montaigne (France)<br />","Kreutzer, S. (2017). RLum.Analysis-class(): Class 'RLum.Analysis'. In: Kreutzer, S., Dietze, M., Burow, C., Fuchs, M.C., Schmidt, C., Fischer, M., Friedrich, J. (2017). Luminescence: Comprehensive Luminescence Dating Data Analysis. R package version 0.8.0. https://CRAN.R-project.org/package=Luminescence
"
"RLum.Data-class","Class  \"RLum.Data\"","Generalized virtual data class for luminescence data.",NA,NA,NA,"Sebastian Kreutzer, IRAMAT-CRP2A, Universite Bordeaux Montaigne (France)<br />",NA
"RLum.Data.Curve-class","Class  \"RLum.Data.Curve\"","Class for representing luminescence curve data.",NA,NA,NA,"Sebastian Kreutzer, IRAMAT-CRP2A, Universite Bordeaux Montaigne (France)<br />","Kreutzer, S. (2017). RLum.Data.Curve-class(): Class 'RLum.Data.Curve'. In: Kreutzer, S., Dietze, M., Burow, C., Fuchs, M.C., Schmidt, C., Fischer, M., Friedrich, J. (2017). Luminescence: Comprehensive Luminescence Dating Data Analysis. R package version 0.8.0. https://CRAN.R-project.org/package=Luminescence
"
"RLum.Data.Image-class","Class  \"RLum.Data.Image\"","Class for representing luminescence image data (TL/OSL/RF). Such data are for example produced by the function  read_SPE2R",NA,NA,NA,"Sebastian Kreutzer, IRAMAT-CRP2A, Universite Bordeaux Montaigne (France)<br />","Kreutzer, S. (2017). RLum.Data.Image-class(): Class 'RLum.Data.Image'. In: Kreutzer, S., Dietze, M., Burow, C., Fuchs, M.C., Schmidt, C., Fischer, M., Friedrich, J. (2017). Luminescence: Comprehensive Luminescence Dating Data Analysis. R package version 0.8.0. https://CRAN.R-project.org/package=Luminescence
"
"RLum.Data.Spectrum-class","Class  \"RLum.Data.Spectrum\"","Class for representing luminescence spectra data (TL/OSL/RF).",NA,NA,NA,"Sebastian Kreutzer, IRAMAT-CRP2A, Universite Bordeaux Montaigne (France)<br />","Kreutzer, S. (2017). RLum.Data.Spectrum-class(): Class 'RLum.Data.Spectrum'. In: Kreutzer, S., Dietze, M., Burow, C., Fuchs, M.C., Schmidt, C., Fischer, M., Friedrich, J. (2017). Luminescence: Comprehensive Luminescence Dating Data Analysis. R package version 0.8.0. https://CRAN.R-project.org/package=Luminescence
"
"RLum.Results-class","Class  \"RLum.Results\"","Object class contains results data from functions (e.g.,  analyse_SAR.CWOSL ).",NA,NA,NA,"Sebastian Kreutzer, IRAMAT-CRP2A, Universite Bordeaux Montaigne (France)<br />","Kreutzer, S. (2017). RLum.Results-class(): Class 'RLum.Results'. In: Kreutzer, S., Dietze, M., Burow, C., Fuchs, M.C., Schmidt, C., Fischer, M., Friedrich, J. (2017). Luminescence: Comprehensive Luminescence Dating Data Analysis. R package version 0.8.0. https://CRAN.R-project.org/package=Luminescence
"
"Second2Gray","Converting equivalent dose values from seconds (s) to gray (Gy)","Conversion of absorbed radiation dose in seconds (s) to the SI unit gray (Gy) including error propagation. Normally used for equivalent dose data.","0.6.0","2017-07-05","12:19:18
","Sebastian Kreutzer, IRAMAT-CRP2A, Universite Bordeaux Montaigne (France) <br /> Michael Dietze, GFZ Potsdam (Germany) <br /> Margret C. Fuchs, HZDR, Helmholtz-Institute Freiberg for Resource Technology (Germany)<br />  R Luminescence Package Team","Kreutzer, S., Dietze, M., Fuchs, M.C. (2017). Second2Gray(): Converting equivalent dose values from seconds (s) to gray (Gy). Function version 0.6.0. In: Kreutzer, S., Dietze, M., Burow, C., Fuchs, M.C., Schmidt, C., Fischer, M., Friedrich, J. (2017). Luminescence: Comprehensive Luminescence Dating Data Analysis. R package version 0.8.0. https://CRAN.R-project.org/package=Luminescence
"
"set_Risoe.BINfileData","General accessor function for RLum S4 class objects","Function calls object-specific get functions for RisoeBINfileData S4 class objects.","0.1","2017-07-05","12:19:18
","Sebastian Kreutzer, IRAMAT-CRP2A, Universite Bordeaux Montaigne (France)<br />  R Luminescence Package Team","Kreutzer, S. (2017). set_Risoe.BINfileData(): General accessor function for RLum S4 class objects. Function version 0.1. In: Kreutzer, S., Dietze, M., Burow, C., Fuchs, M.C., Schmidt, C., Fischer, M., Friedrich, J. (2017). Luminescence: Comprehensive Luminescence Dating Data Analysis. R package version 0.8.0. https://CRAN.R-project.org/package=Luminescence
"
"set_RLum","General set function for RLum S4 class objects","Function calls object-specific set functions for RLum S4 class objects.","0.3.0","2017-07-05","12:19:18
","Sebastian Kreutzer, IRAMAT-CRP2A, Universite Bordeaux Montaigne (France)<br />  R Luminescence Package Team","Kreutzer, S. (2017). set_RLum(): General set function for RLum S4 class objects. Function version 0.3.0. In: Kreutzer, S., Dietze, M., Burow, C., Fuchs, M.C., Schmidt, C., Fischer, M., Friedrich, J. (2017). Luminescence: Comprehensive Luminescence Dating Data Analysis. R package version 0.8.0. https://CRAN.R-project.org/package=Luminescence
"
"smooth_RLum","Smoothing of data","Function calls the object-specific smooth functions for provided RLum S4-class objects.","0.1.0","2017-07-05","12:19:18
","Sebastian Kreutzer, IRAMAT-CRP2A, Universite Bordeaux Montaigne (France)<br />  R Luminescence Package Team","Kreutzer, S. (2017). smooth_RLum(): Smoothing of data. Function version 0.1.0. In: Kreutzer, S., Dietze, M., Burow, C., Fuchs, M.C., Schmidt, C., Fischer, M., Friedrich, J. (2017). Luminescence: Comprehensive Luminescence Dating Data Analysis. R package version 0.8.0. https://CRAN.R-project.org/package=Luminescence
"
"sTeve","sTeve - sophisticated tool for efficient data validation and evaluation","This function provides a sophisticated routine for comprehensive luminescence dating data analysis.",NA,NA,NA,"R Luminescence Team, 2012-2046<br />","NA, NA, ,  (2017). sTeve(): sTeve - sophisticated tool for efficient data validation and evaluation. In: Kreutzer, S., Dietze, M., Burow, C., Fuchs, M.C., Schmidt, C., Fischer, M., Friedrich, J. (2017). Luminescence: Comprehensive Luminescence Dating Data Analysis. R package version 0.8.0. https://CRAN.R-project.org/package=Luminescence
"
"structure_RLum","General structure function for RLum S4 class objects","Function calls object-specific get functions for RLum S4 class objects.","0.2.0","2017-07-05","12:19:18
","Sebastian Kreutzer, IRAMAT-CRP2A, Universite Bordeaux Montaigne (France)<br />  R Luminescence Package Team","Kreutzer, S. (2017). structure_RLum(): General structure function for RLum S4 class objects. Function version 0.2.0. In: Kreutzer, S., Dietze, M., Burow, C., Fuchs, M.C., Schmidt, C., Fischer, M., Friedrich, J. (2017). Luminescence: Comprehensive Luminescence Dating Data Analysis. R package version 0.8.0. https://CRAN.R-project.org/package=Luminescence
"
"template_DRAC","Create a DRAC input data template (v1.1)","This function returns a DRAC input template (v1.1) to be used in conjunction with the use_DRAC() function",NA,NA,NA,"Christoph Burow, University of Cologne (Germany)<br />","Burow, C. (2017). template_DRAC(): Create a DRAC input data template (v1.1). In: Kreutzer, S., Dietze, M., Burow, C., Fuchs, M.C., Schmidt, C., Fischer, M., Friedrich, J. (2017). Luminescence: Comprehensive Luminescence Dating Data Analysis. R package version 0.8.0. https://CRAN.R-project.org/package=Luminescence
"
"tune_Data","Tune data for experimental purpose","The error can be reduced and sample size increased for specific purpose.","0.5.0","2017-07-05","12:19:18
","Michael Dietze, GFZ Potsdam (Germany)<br />  R Luminescence Package Team","Dietze, M. (2017). tune_Data(): Tune data for experimental purpose. Function version 0.5.0. In: Kreutzer, S., Dietze, M., Burow, C., Fuchs, M.C., Schmidt, C., Fischer, M., Friedrich, J. (2017). Luminescence: Comprehensive Luminescence Dating Data Analysis. R package version 0.8.0. https://CRAN.R-project.org/package=Luminescence
"
"use_DRAC","Use DRAC to calculate dose rate data","The function provides an interface from R to DRAC. An R-object or a pre-formatted XLS/XLSX file is passed to the DRAC website and the results are re-imported into R.","0.1.1","2017-07-05","12:19:18
","Sebastian Kreutzer, IRAMAT-CRP2A, Universite Bordeaux Montaigne (France) <br /> Michael Dietze, GFZ Potsdam (Germany) <br /> Christoph Burow, University of Cologne (Germany)<br />  R Luminescence Package Team","Kreutzer, S., Dietze, M., Burow, C. (2017). use_DRAC(): Use DRAC to calculate dose rate data. Function version 0.1.1. In: Kreutzer, S., Dietze, M., Burow, C., Fuchs, M.C., Schmidt, C., Fischer, M., Friedrich, J. (2017). Luminescence: Comprehensive Luminescence Dating Data Analysis. R package version 0.8.0. https://CRAN.R-project.org/package=Luminescence
"
"verify_SingleGrainData","Verify single grain data sets and check for invalid grains, i.e.<br /> zero-light level grains","This function tries to identify automatically zero-light level curves (grains) from single grain data measurements.","0.2.0","2017-07-05","12:19:18
","Sebastian Kreutzer, IRAMAT-CRP2A, Universite Bordeaux Montaigne (France)<br />  R Luminescence Package Team","Kreutzer, S. (2017). verify_SingleGrainData(): Verify single grain data sets and check for invalid grains, i.e. zero-light level grains. Function version 0.2.0. In: Kreutzer, S., Dietze, M., Burow, C., Fuchs, M.C., Schmidt, C., Fischer, M., Friedrich, J. (2017). Luminescence: Comprehensive Luminescence Dating Data Analysis. R package version 0.8.0. https://CRAN.R-project.org/package=Luminescence
"
"write_R2BIN","Export Risoe.BINfileData into Risoe BIN-file","Exports a Risoe.BINfileData object in a *.bin or *.binx file that can be opened by the Analyst software or other Risoe software.","0.4.2","2017-07-05","12:19:18
","Sebastian Kreutzer, IRAMAT-CRP2A, Universite Bordeaux Montaigne (France)<br />  R Luminescence Package Team","Kreutzer, S. (2017). write_R2BIN(): Export Risoe.BINfileData into Risoe BIN-file. Function version 0.4.2. In: Kreutzer, S., Dietze, M., Burow, C., Fuchs, M.C., Schmidt, C., Fischer, M., Friedrich, J. (2017). Luminescence: Comprehensive Luminescence Dating Data Analysis. R package version 0.8.0. https://CRAN.R-project.org/package=Luminescence
"
"write_RLum2CSV","Export RLum-objects to CSV","This function exports  RLum -objects to CSV-files using the R function utils::write.table . All  RLum -objects are supported, but the export is lossy, i.e. the pure numerical values are exported only. Information that cannot be coerced to a  data.frame  or a  matrix  are discarded as well as metadata.","0.1.1","2017-07-05","12:19:18
","Sebastian Kreutzer, IRAMAT-CRP2A, Universite Bordeaux Montaigne (France)<br />  R Luminescence Package Team","Kreutzer, S. (2017). write_RLum2CSV(): Export RLum-objects to CSV. Function version 0.1.1. In: Kreutzer, S., Dietze, M., Burow, C., Fuchs, M.C., Schmidt, C., Fischer, M., Friedrich, J. (2017). Luminescence: Comprehensive Luminescence Dating Data Analysis. R package version 0.8.0. https://CRAN.R-project.org/package=Luminescence
"
